t,result,computeTime,score,commit
02-May-2024 17:31:26,Inf,Inf,Inf,foo
02-May-2024 21:43:39,172.074293468619,0.0118250000029802,861.553967343393,foo
03-May-2024 16:37:51,103.175620178426,0.196351000003517,535.513200892482,foo
03-May-2024 16:52:19,49.7913906927398,0.219266000002623,270.883553463961,foo
03-May-2024 21:06:41,26.0168271933839,0.294102000012994,159.494335968219,foo
03-May-2024 21:38:06,8.62162911078992,0.381250999987125,81.2332455526622,c4d4f514a6d582d08d8a35b0b32c2a66d40ea3c4
