t,result,computeTime,score,commit
02-May-2024 17:31:26,Inf,Inf,Inf,0
02-May-2024 21:43:39,172.074293468619,0.0118250000029802,861.553967343393,0
03-May-2024 16:37:51,103.175620178426,0.196351000003517,535.513200892482,0
03-May-2024 16:52:19,49.7913906927398,0.219266000002623,270.883553463961,0
