t,result,computeTime,score,author,commit
06-May-2024 16:36:19,Inf,Inf,Inf,NA,NA
06-May-2024 21:06:17,-1,0,-1,gulley,75300ae7d493637041100036e5d3688fab0669b4
06-May-2024 21:52:36,26.0168271933839,0.344120000004768,164.496135967396,gulley,c51b2fcf7b51ebe382d55723d14c15474980b116
