t,result,computeTime,score,commit
02-May-2024 17:31:26,Inf,Inf,Inf,0
02-May-2024 21:43:39,172.074293468619,0.0118250000029802,1720.74293468619,0
